{
  "t1": {
    "xgboost__vs__lightgbm": {
      "delta_mae": 0.18871208053532487,
      "ci_low": -0.0072219930840772455,
      "ci_high": 0.38764250849271087,
      "n_paired": 730,
      "mae_a": 5.306895544520548,
      "mae_b": 5.118183463985223
    },
    "xgboost__vs__lstm_v1": {
      "delta_mae": -1.4391776313432834,
      "ci_low": -1.9441695663432834,
      "ci_high": -0.933750433955224,
      "n_paired": 670,
      "mae_a": 5.226035600746268,
      "mae_b": 6.6652132320895525
    },
    "xgboost__vs__lstm_v2": {
      "delta_mae": -1.480762897260274,
      "ci_low": -2.031440612517123,
      "ci_high": -0.9669447333219178,
      "n_paired": 730,
      "mae_a": 5.306895544520548,
      "mae_b": 6.787658441780822
    },
    "lightgbm__vs__lstm_v1": {
      "delta_mae": -1.624022697576067,
      "ci_low": -2.167799381129071,
      "ci_high": -1.1100201411180202,
      "n_paired": 670,
      "mae_a": 5.041190534513485,
      "mae_b": 6.6652132320895525
    },
    "lightgbm__vs__lstm_v2": {
      "delta_mae": -1.6694749777955986,
      "ci_low": -2.1972364735193457,
      "ci_high": -1.1727888565312916,
      "n_paired": 730,
      "mae_a": 5.118183463985223,
      "mae_b": 6.787658441780822
    },
    "lstm_v1__vs__lstm_v2": {
      "delta_mae": 0.06415768955223874,
      "ci_low": -0.5457347982835822,
      "ci_high": 0.6460550923694028,
      "n_paired": 670,
      "mae_a": 6.6652132320895525,
      "mae_b": 6.601055542537313
    }
  },
  "t3": {
    "xgboost__vs__lightgbm": {
      "delta_mae": 0.31557920140648166,
      "ci_low": 0.07647783666387534,
      "ci_high": 0.5611968033487279,
      "n_paired": 728,
      "mae_a": 7.080854679945055,
      "mae_b": 6.765275478538575
    },
    "xgboost__vs__lstm_v1": {
      "delta_mae": -1.8139210082335329,
      "ci_low": -2.452727089689371,
      "ci_high": -1.225475249831588,
      "n_paired": 668,
      "mae_a": 7.055725664670658,
      "mae_b": 8.86964667290419
    },
    "xgboost__vs__lstm_v2": {
      "delta_mae": -0.9293353537087911,
      "ci_low": -1.4868806974931315,
      "ci_high": -0.3848818069539836,
      "n_paired": 728,
      "mae_a": 7.080854679945055,
      "mae_b": 8.010190033653846
    },
    "lightgbm__vs__lstm_v1": {
      "delta_mae": -2.0615883530909977,
      "ci_low": -2.6930114333327166,
      "ci_high": -1.4658470032210202,
      "n_paired": 668,
      "mae_a": 6.8080583198131945,
      "mae_b": 8.86964667290419
    },
    "lightgbm__vs__lstm_v2": {
      "delta_mae": -1.2449145551152727,
      "ci_low": -1.7817850650605658,
      "ci_high": -0.6866613488809742,
      "n_paired": 728,
      "mae_a": 6.765275478538575,
      "mae_b": 8.010190033653846
    },
    "lstm_v1__vs__lstm_v2": {
      "delta_mae": 0.734178890718563,
      "ci_low": 0.21042718809880243,
      "ci_high": 1.259044990269461,
      "n_paired": 668,
      "mae_a": 8.86964667290419,
      "mae_b": 8.135467782185628
    }
  },
  "t7": {
    "xgboost__vs__lightgbm": {
      "delta_mae": 0.6452944860947826,
      "ci_low": 0.25569008673860627,
      "ci_high": 1.0126676699102186,
      "n_paired": 724,
      "mae_a": 8.897101279143646,
      "mae_b": 8.251806793048864
    },
    "xgboost__vs__lstm_v1": {
      "delta_mae": 0.6065634090361446,
      "ci_low": 0.04475319524472897,
      "ci_high": 1.1543381528802712,
      "n_paired": 664,
      "mae_a": 8.665612661295182,
      "mae_b": 8.059049252259037
    },
    "xgboost__vs__lstm_v2": {
      "delta_mae": -0.2664765150552486,
      "ci_low": -0.7875100439295583,
      "ci_high": 0.2543844948687835,
      "n_paired": 724,
      "mae_a": 8.897101279143646,
      "mae_b": 9.163577794198895
    },
    "lightgbm__vs__lstm_v1": {
      "delta_mae": 0.03337525785643162,
      "ci_low": -0.42601854439689674,
      "ci_high": 0.4877856565397365,
      "n_paired": 664,
      "mae_a": 8.092424510115467,
      "mae_b": 8.059049252259037
    },
    "lightgbm__vs__lstm_v2": {
      "delta_mae": -0.9117710011500314,
      "ci_low": -1.3894701877332836,
      "ci_high": -0.4495596361263183,
      "n_paired": 724,
      "mae_a": 8.251806793048864,
      "mae_b": 9.163577794198895
    },
    "lstm_v1__vs__lstm_v2": {
      "delta_mae": -0.8880517176204822,
      "ci_low": -1.2414958267319278,
      "ci_high": -0.5378897766566267,
      "n_paired": 664,
      "mae_a": 8.059049252259037,
      "mae_b": 8.947100969879518
    }
  }
}