{
  "t1": {
    "persistence": {
      "mae": 4.463972602739726,
      "rmse": 8.552624366920591,
      "r2": 0.8567468466724528,
      "alert": {
        "precision": 0.8354430379746836,
        "recall": 0.8354430379746836,
        "f1": 0.8354430379746836
      },
      "n": 730
    },
    "seasonal_7": {
      "bootstrap_vs_persistence": {
        "delta_mae": 5.47972602739726,
        "ci_low": 4.577013698630137,
        "ci_high": 6.515010273972602,
        "n_paired": 730
      },
      "mae": 9.943698630136987,
      "rmse": 17.8415687466788,
      "r2": 0.37659329398198627,
      "alert": {
        "precision": 0.6708860759493671,
        "recall": 0.6708860759493671,
        "f1": 0.6708860759493671
      },
      "n": 730
    },
    "xgboost": {
      "bootstrap_vs_persistence": {
        "delta_mae": 0.8429229417808218,
        "ci_low": 0.31123430443493155,
        "ci_high": 1.3753023849315065,
        "n_paired": 730
      },
      "mae": 5.306895544520548,
      "rmse": 8.94889086059475,
      "r2": 0.8431647006096781,
      "alert": {
        "precision": 0.776595744680851,
        "recall": 0.9240506329113924,
        "f1": 0.8439306358381503
      },
      "n": 730
    },
    "lightgbm": {
      "bootstrap_vs_persistence": {
        "delta_mae": 0.6542108612454969,
        "ci_low": 0.162840544269482,
        "ci_high": 1.1583248454655342,
        "n_paired": 730
      },
      "mae": 5.118183463985223,
      "rmse": 8.99978407369894,
      "r2": 0.8413757528564376,
      "alert": {
        "precision": 0.8,
        "recall": 0.9113924050632911,
        "f1": 0.8520710059171598
      },
      "n": 730
    },
    "lstm_v1": {
      "bootstrap_vs_persistence": {
        "delta_mae": 2.167601291791045,
        "ci_low": 1.5248266057276116,
        "ci_high": 2.8066484288059694,
        "n_paired": 670
      },
      "mae": 6.6652132320895525,
      "rmse": 11.636332592606097,
      "r2": 0.7528466133614194,
      "alert": {
        "precision": 0.6239316239316239,
        "recall": 0.948051948051948,
        "f1": 0.7525773195876289
      },
      "n": 670
    },
    "lstm_v2": {
      "bootstrap_vs_persistence": {
        "delta_mae": 2.323685839041096,
        "ci_low": 1.7287903469520542,
        "ci_high": 2.95196914229452,
        "n_paired": 730
      },
      "mae": 6.787658441780822,
      "rmse": 12.31625410606386,
      "r2": 0.7029273464929641,
      "alert": {
        "precision": 0.75,
        "recall": 0.759493670886076,
        "f1": 0.7547169811320755
      },
      "n": 730
    }
  },
  "t3": {
    "persistence": {
      "mae": 7.696016483516483,
      "rmse": 14.071684119395375,
      "r2": 0.6132200352144501,
      "alert": {
        "precision": 0.7341772151898734,
        "recall": 0.7341772151898734,
        "f1": 0.7341772151898734
      },
      "n": 728
    },
    "seasonal_7": {
      "bootstrap_vs_persistence": {
        "delta_mae": 2.2483516483516484,
        "ci_low": 1.42251717032967,
        "ci_high": 3.0331043956043953,
        "n_paired": 728
      },
      "mae": 9.944368131868131,
      "rmse": 17.858824041740437,
      "r2": 0.37701508454542476,
      "alert": {
        "precision": 0.6708860759493671,
        "recall": 0.6708860759493671,
        "f1": 0.6708860759493671
      },
      "n": 728
    },
    "xgboost": {
      "bootstrap_vs_persistence": {
        "delta_mae": -0.6151618035714286,
        "ci_low": -1.3094066412431318,
        "ci_high": 0.05903675413804918,
        "n_paired": 728
      },
      "mae": 7.080854679945055,
      "rmse": 11.904563685135948,
      "r2": 0.7231791614916859,
      "alert": {
        "precision": 0.6530612244897959,
        "recall": 0.810126582278481,
        "f1": 0.7231638418079096
      },
      "n": 728
    },
    "lightgbm": {
      "bootstrap_vs_persistence": {
        "delta_mae": -0.9307410049779102,
        "ci_low": -1.6341271765043488,
        "ci_high": -0.24676815264115645,
        "n_paired": 728
      },
      "mae": 6.765275478538575,
      "rmse": 11.778103418891984,
      "r2": 0.7290291702547234,
      "alert": {
        "precision": 0.7126436781609196,
        "recall": 0.7848101265822784,
        "f1": 0.7469879518072289
      },
      "n": 728
    },
    "lstm_v1": {
      "bootstrap_vs_persistence": {
        "delta_mae": 1.1374610441616766,
        "ci_low": 0.16531916452095805,
        "ci_high": 2.093110821257485,
        "n_paired": 668
      },
      "mae": 8.86964667290419,
      "rmse": 15.892092722455379,
      "r2": 0.5396582599601256,
      "alert": {
        "precision": 0.5142857142857142,
        "recall": 0.7012987012987013,
        "f1": 0.5934065934065934
      },
      "n": 668
    },
    "lstm_v2": {
      "bootstrap_vs_persistence": {
        "delta_mae": 0.3141735501373623,
        "ci_low": -0.5702620467719782,
        "ci_high": 1.1215507747596154,
        "n_paired": 728
      },
      "mae": 8.010190033653846,
      "rmse": 14.814498395208963,
      "r2": 0.5713076664012869,
      "alert": {
        "precision": 0.6060606060606061,
        "recall": 0.5063291139240507,
        "f1": 0.5517241379310345
      },
      "n": 728
    }
  },
  "t7": {
    "persistence": {
      "mae": 9.98121546961326,
      "rmse": 17.90550163916879,
      "r2": 0.37716772893807193,
      "alert": {
        "precision": 0.6708860759493671,
        "recall": 0.6708860759493671,
        "f1": 0.6708860759493671
      },
      "n": 724
    },
    "seasonal_7": {
      "bootstrap_vs_persistence": {
        "delta_mae": 0.0,
        "ci_low": 0.0,
        "ci_high": 0.0,
        "n_paired": 724
      },
      "mae": 9.98121546961326,
      "rmse": 17.90550163916879,
      "r2": 0.37716772893807193,
      "alert": {
        "precision": 0.6708860759493671,
        "recall": 0.6708860759493671,
        "f1": 0.6708860759493671
      },
      "n": 724
    },
    "xgboost": {
      "bootstrap_vs_persistence": {
        "delta_mae": -1.0841141904696132,
        "ci_low": -1.986249782848757,
        "ci_high": -0.18789151472375712,
        "n_paired": 724
      },
      "mae": 8.897101279143646,
      "rmse": 15.321571409682337,
      "r2": 0.5439581059789114,
      "alert": {
        "precision": 0.5252525252525253,
        "recall": 0.6582278481012658,
        "f1": 0.5842696629213483
      },
      "n": 724
    },
    "lightgbm": {
      "bootstrap_vs_persistence": {
        "delta_mae": -1.7294086765643957,
        "ci_low": -2.6111275141061814,
        "ci_high": -0.8561624103800832,
        "n_paired": 724
      },
      "mae": 8.251806793048864,
      "rmse": 14.357249028779513,
      "r2": 0.5995571089984282,
      "alert": {
        "precision": 0.7037037037037037,
        "recall": 0.7215189873417721,
        "f1": 0.7125
      },
      "n": 724
    },
    "lstm_v1": {
      "bootstrap_vs_persistence": {
        "delta_mae": -1.9745350850903611,
        "ci_low": -2.9704605907567765,
        "ci_high": -0.9947722869917169,
        "n_paired": 664
      },
      "mae": 8.059049252259037,
      "rmse": 14.492682100893271,
      "r2": 0.6084756976788598,
      "alert": {
        "precision": 0.6210526315789474,
        "recall": 0.7866666666666666,
        "f1": 0.6941176470588235
      },
      "n": 664
    },
    "lstm_v2": {
      "bootstrap_vs_persistence": {
        "delta_mae": -0.8176376754143645,
        "ci_low": -1.7196507776243093,
        "ci_high": 0.10215042608770729,
        "n_paired": 724
      },
      "mae": 9.163577794198895,
      "rmse": 15.988974433293079,
      "r2": 0.5033626961578028,
      "alert": {
        "precision": 0.47244094488188976,
        "recall": 0.759493670886076,
        "f1": 0.5825242718446602
      },
      "n": 724
    }
  }
}