{
  "t1": {
    "val": {
      "mae": 8.52681644001945,
      "rmse": 17.8609804185364,
      "r2": 0.768936180515184
    },
    "test": {
      "mae": 6.6652132569498095,
      "rmse": 11.6363326345793,
      "r2": 0.7528466115784145
    },
    "alert_test": {
      "precision": 0.6239316239316239,
      "recall": 0.948051948051948,
      "f1": 0.7525773195876289,
      "auroc": 0.9835527036201573
    },
    "epochs": 52
  },
  "t3": {
    "val": {
      "mae": 9.201568749849912,
      "rmse": 19.8990275394456,
      "r2": 0.7068135034613335
    },
    "test": {
      "mae": 8.869646684281127,
      "rmse": 15.892092730599648,
      "r2": 0.5396582594883002
    },
    "alert_test": {
      "precision": 0.5142857142857142,
      "recall": 0.7012987012987013,
      "f1": 0.5934065934065934,
      "auroc": 0.9273738106225416
    },
    "epochs": 59
  },
  "t7": {
    "val": {
      "mae": 9.464061307438085,
      "rmse": 21.4033045796467,
      "r2": 0.6495836511419711
    },
    "test": {
      "mae": 8.059049244673856,
      "rmse": 14.492682030031004,
      "r2": 0.608475701507592
    },
    "alert_test": {
      "precision": 0.6210526315789474,
      "recall": 0.7866666666666666,
      "f1": 0.6941176470588235,
      "auroc": 0.9610865874363328
    },
    "epochs": 59
  }
}