{
  "t1": {
    "pm25_lag1": 6.846499919891357,
    "lag1_x_temp": 3.636399984359741,
    "precipitation": 1.4144999980926514,
    "hotspot_7d_roll": 1.305999994277954,
    "sin_doy": 0.8927000164985657,
    "temp_min": 0.8912000060081482,
    "hotspot_14d_roll": 0.7479000091552734,
    "humidity_max": 0.7071999907493591,
    "cloud_cover": 0.6978999972343445,
    "humidity_wind": 0.6596999764442444,
    "hotspot_100km": 0.6085000038146973,
    "humidity_min": 0.5673999786376953,
    "pm25_roll7_mean": 0.42320001125335693,
    "pressure": 0.42100000381469727,
    "week": 0.3481000065803528
  },
  "t3": {
    "hotspot_14d_roll": 4.6265997886657715,
    "pm25_lag1": 2.2095999717712402,
    "sin_month": 2.140899896621704,
    "day_of_year": 2.077699899673462,
    "hotspot_7d_roll": 1.5,
    "temp_min": 1.027899980545044,
    "week": 0.9966999888420105,
    "sin_doy": 0.9807000160217285,
    "precipitation": 0.9143999814987183,
    "lag1_x_temp": 0.9042999744415283,
    "cloud_cover": 0.9041000008583069,
    "humidity_min": 0.7020000219345093,
    "pm25_roll14_std": 0.6646000146865845,
    "pressure": 0.5443999767303467,
    "hotspot_100km": 0.5221999883651733
  },
  "t7": {
    "sin_month": 4.633299827575684,
    "hotspot_7d_roll": 2.9979000091552734,
    "day_of_year": 2.2302000522613525,
    "hotspot_14d_roll": 2.22760009765625,
    "week": 2.1505000591278076,
    "cos_doy": 1.1323000192642212,
    "pressure": 0.9925000071525574,
    "pm25_roll3_mean": 0.7473999857902527,
    "temp_min": 0.7297999858856201,
    "pm25_lag1": 0.6866999864578247,
    "pm25_lag14": 0.5672000050544739,
    "sin_doy": 0.5127999782562256,
    "pm25_roll7_std": 0.47279998660087585,
    "pm25_roll7_mean": 0.41620001196861267,
    "temp_mean": 0.4034999907016754
  }
}