{
  "t1": {
    "val": {
      "mae_best_tuning": 7.515873931466718
    },
    "test": {
      "mae": 5.306895562263383,
      "rmse": 8.948890868511379,
      "r2": 0.8431647003321896
    },
    "alert_test": {
      "precision": 0.776595744680851,
      "recall": 0.9240506329113924,
      "f1": 0.8439306358381503,
      "auroc": 0.9915028485873729
    },
    "best_params": {
      "n_estimators": 1920,
      "max_depth": 11,
      "learning_rate": 0.032146375960741845,
      "min_child_weight": 0.5159761129580285,
      "subsample": 0.5362218906846379,
      "colsample_bytree": 0.541257607758852,
      "reg_alpha": 0.0001955217000253185,
      "reg_lambda": 0.0003091905906435351
    },
    "best_val_mae_tuning": 7.515873931466718,
    "n_trials_total": 103
  },
  "t3": {
    "val": {
      "mae_best_tuning": 8.805312167651032
    },
    "test": {
      "mae": 7.080854678939987,
      "rmse": 11.904563642302085,
      "r2": 0.7231791634837464
    },
    "alert_test": {
      "precision": 0.6530612244897959,
      "recall": 0.810126582278481,
      "f1": 0.7231638418079096,
      "auroc": 0.9728306450039983
    },
    "best_params": {
      "n_estimators": 675,
      "max_depth": 8,
      "learning_rate": 0.04125397411688819,
      "min_child_weight": 9.478513736910129,
      "subsample": 0.6853897010813135,
      "colsample_bytree": 0.8700930902184424,
      "reg_alpha": 0.02768131842315784,
      "reg_lambda": 0.08091559934001612
    },
    "best_val_mae_tuning": 8.805312167651032,
    "n_trials_total": 103
  },
  "t7": {
    "val": {
      "mae_best_tuning": 10.199674472024997
    },
    "test": {
      "mae": 8.89710129664089,
      "rmse": 15.321571411267877,
      "r2": 0.5439581058845251
    },
    "alert_test": {
      "precision": 0.5252525252525253,
      "recall": 0.6582278481012658,
      "f1": 0.5842696629213483,
      "auroc": 0.9334314591306054
    },
    "best_params": {
      "n_estimators": 533,
      "max_depth": 5,
      "learning_rate": 0.2539892855006813,
      "min_child_weight": 1.4634933487960073,
      "subsample": 0.9686057808259098,
      "colsample_bytree": 0.8055013587146991,
      "reg_alpha": 0.2390352167291609,
      "reg_lambda": 0.017383401891222377
    },
    "best_val_mae_tuning": 10.199674472024997,
    "n_trials_total": 100
  }
}